participant_id,ADHD_pred,ADHD_prob
00aIpNTbG5uh,1,0.7310585786300049
00fV0OyyoLfw,1,0.7310585786300049
04X1eiS79T4B,0,0.5
05ocQutkURd6,0,0.5
06YUNBA9ZRLq,0,0.5
0FUWCjn9YMN1,0,0.5
0Hthz5IFXhpw,1,0.7310585786300049
0JhQVAT7btJ5,0,0.5
0N8sQwUgUPEj,1,0.7310585786300049
0ST9wPiJpQ8h,0,0.5
0Z5EOphA7h1o,1,0.7310585786300049
0cduHhwrQN4r,1,0.7310585786300049
0hzWGU6XYSVp,1,0.7310585786300049
0i2Tz2XUL4vm,1,0.7310585786300049
0k0soy5qh5V3,0,0.5
0m24Gv15bcjU,0,0.5
0mNF7tXTbYj3,0,0.5
0pGmIdpjGpXN,1,0.7310585786300049
0wXo9yCbnVig,0,0.5
16aihxrHTH3I,0,0.5
18K8e924IXlw,1,0.7310585786300049
18p7bYCbIOs5,1,0.7310585786300049
19UWbNvLYCjm,0,0.5
19wn6hMP5wTE,1,0.7310585786300049
1ChuFljXLGaq,0,0.5
1CrYokgmRpSg,0,0.5
1HNj04PV3BVj,0,0.5
1HthYue8JWqZ,1,0.7310585786300049
1MCcsWuwrXm2,1,0.7310585786300049
1N45T6POzVzK,1,0.7310585786300049
1Q7p932iUbEl,1,0.7310585786300049
1UzjMuTvkNjy,0,0.5
1VBK1CiBG65H,1,0.7310585786300049
1VHs4DIyxj01,1,0.7310585786300049
1exRTCGiAbwI,0,0.5
1iFfsUtpS5rB,0,0.5
1ioUZRHhpmjt,1,0.7310585786300049
1oGy7tt0F5Y8,0,0.5
1q4fVORHcXqs,1,0.7310585786300049
20cfC8xUkIgx,0,0.5
214Cg0T8Ct6d,1,0.7310585786300049
23jyecICg3dF,0,0.5
26I0UioMM8cE,1,0.7310585786300049
28mwHUApaS7q,0,0.5
2A1deC63kVAu,0,0.5
2AlLf4SXlT1q,1,0.7310585786300049
2FGuklfnXFfZ,0,0.5
2Jgj01synxcH,1,0.7310585786300049
2Mjpn48uEjoY,0,0.5
2TBSI4xlvChL,0,0.5
2TVgd0rxwfhi,1,0.7310585786300049
2XgelktMkjAF,0,0.5
2YLAlvXtbYce,1,0.7310585786300049
2Z6DwZKxZoUO,0,0.5
2bmtDhItZVT0,0,0.5
2i9en1fZyToI,1,0.7310585786300049
2jyNoejJmyCp,1,0.7310585786300049
2ktMxIwOY3Fa,1,0.7310585786300049
2qhtKg63T0ZB,1,0.7310585786300049
2rr5jmiQTO2I,0,0.5
32OXB0Ld4ZbF,1,0.7310585786300049
346J6o15ocnL,1,0.7310585786300049
34IrunCjAzfV,0,0.5
36DngJCPwQnF,1,0.7310585786300049
383IrbN9EV5Q,1,0.7310585786300049
3Av3C2ajuKHa,0,0.5
3ByGjoEVplnW,0,0.5
3DQjLEvuLeY9,1,0.7310585786300049
3EMeVPWMy8Jc,1,0.7310585786300049
3F4lE7kULqtR,1,0.7310585786300049
3Se7SuBnhVuy,0,0.5
3X8Ls6i8z0HW,1,0.7310585786300049
3aBsc4JK5sJS,0,0.5
3ccP8yu5w5Yo,0,0.5
3e0BfRErBAVW,0,0.5
3jc06jIExmaR,1,0.7310585786300049
3jfYEZ9nAKKr,0,0.5
3mxhY3zRnmoy,0,0.5
3nrYi1H01KKC,0,0.5
3t0jWSusiG0e,1,0.7310585786300049
3yjwwRWX7KUY,1,0.7310585786300049
3zDD5TmAAjsW,1,0.7310585786300049
40Jc4nL8itee,1,0.7310585786300049
41u1VufawWtE,1,0.7310585786300049
43DBbRe4MRuo,1,0.7310585786300049
43kdSG0DM7DJ,1,0.7310585786300049
453dBn2VnG6h,0,0.5
4CrJtMImCWBt,1,0.7310585786300049
4GvuT87XK9CX,0,0.5
4J5M0hh1aqri,1,0.7310585786300049
4JjEThZDJkAl,1,0.7310585786300049
4N4Q1eYler0U,0,0.5
4NP7hddtuLCT,0,0.5
4PAQp1M6EyAo,1,0.7310585786300049
4SJ1OB710KjM,1,0.7310585786300049
4UNvlT2g6I8R,1,0.7310585786300049
4VEPJjJTP0Oz,0,0.5
4VIE7TEmlPr9,0,0.5
4WXxgL5UXyCw,1,0.7310585786300049
4c4y4uWU3bxK,1,0.7310585786300049
4cwPd7JVlpF5,1,0.7310585786300049
4d3t724l76zL,1,0.7310585786300049
4gIBOZrUvpjO,1,0.7310585786300049
4jGfN8WxzXQ8,0,0.5
4jcjsVojNS96,0,0.5
4rMSDIn4OXgI,1,0.7310585786300049
52s1ZW91cuyZ,0,0.5
5D934HaQKbxA,0,0.5
5F3r3sUVLmCm,0,0.5
5GbunX0fw9fA,1,0.7310585786300049
5HtNHm5nVhlP,0,0.5
5Kfgmzrxzp3v,0,0.5
5hOO2gLdCoCo,1,0.7310585786300049
5lSV0hBXAzcK,1,0.7310585786300049
5nMvgEkXdeOB,0,0.5
5oOJUGJ7arly,1,0.7310585786300049
5rLgodzRWOGy,0,0.5
5sysZl4IU7ec,1,0.7310585786300049
5uc5PmclCs0G,0,0.5
61mfaqygu0ea,0,0.5
64RXQEH50nFp,1,0.7310585786300049
64kiQGd5o5kP,1,0.7310585786300049
6BJdS6aRI9e7,0,0.5
6CbdgugZuWxc,1,0.7310585786300049
6JOsv0QB1PgO,1,0.7310585786300049
6MFd3n4TO3D6,1,0.7310585786300049
6Rm8wMEaJTI5,1,0.7310585786300049
6fpygdQTScAW,0,0.5
6gIOlJcn16PD,0,0.5
6hAqUQtqsDhT,0,0.5
6kz45LCWhcxe,1,0.7310585786300049
6rLnEOG5Herx,0,0.5
6ttSgwyC1uQx,1,0.7310585786300049
6zbT9Ok6IOyX,1,0.7310585786300049
70z8Q2xdTXM3,1,0.7310585786300049
7AaDVTBrqpwA,0,0.5
7CkP21xwNO4M,1,0.7310585786300049
7DMBKRvxOK7s,0,0.5
7DOnnFs86L8o,0,0.5
7Fga1GnIjOfA,1,0.7310585786300049
7M1XRsbvTMRq,0,0.5
7XJZtiSVaOtC,1,0.7310585786300049
7XrJt0wgDUes,0,0.5
7XyuUBbIscMY,1,0.7310585786300049
7b2pTR7Jx2Lk,0,0.5
7chjLKUfADZE,1,0.7310585786300049
7dPGSJWR2Ysl,1,0.7310585786300049
7oNwXtbqXHFy,0,0.5
7srNkSewjEgg,0,0.5
7utjlLa52SO7,1,0.7310585786300049
7w9wg82ysAma,0,0.5
7y2enwkXUF55,1,0.7310585786300049
80UMdzMprwL2,1,0.7310585786300049
8264D8UtaILW,1,0.7310585786300049
8E7WIqYsBQBj,1,0.7310585786300049
8EV0j5wVb8ZW,0,0.5
8GSGqksFjHwY,0,0.5
8GtFbacKpZrx,1,0.7310585786300049
8PDoPj2DoJRn,1,0.7310585786300049
8Ro2MJOI8nC1,1,0.7310585786300049
8RqLpySUwmWx,0,0.5
8ZqEcqENo02n,0,0.5
8chKGdmT3rLH,0,0.5
8jjvOdQ5WL1z,1,0.7310585786300049
8nVjYNEKhXcL,0,0.5
92ut6w8EmXNi,1,0.7310585786300049
95kqVsAlRJ9c,0,0.5
96zyuTz2kX7n,1,0.7310585786300049
9D4a3uKBWE1K,0,0.5
9F7XjZUWfwbG,0,0.5
9FfulXtesxnP,1,0.7310585786300049
9HOBBLX4TRxf,0,0.5
9J8EUHnxePCd,1,0.7310585786300049
9KA3TnvNby73,0,0.5
9Pqib6cW1oAr,0,0.5
9X6lb5agg6vk,1,0.7310585786300049
9XzB1w0mab65,1,0.7310585786300049
9ZWUUWP1ukJb,1,0.7310585786300049
9Znie6oQLkEM,1,0.7310585786300049
9gpepMI9sj5q,1,0.7310585786300049
9lkoRCPI7wqj,0,0.5
A07isUgIThrV,1,0.7310585786300049
A0LNBRPwP8q0,0,0.5
A1AXFSUEtLFQ,1,0.7310585786300049
A9TVhUMBvwSj,1,0.7310585786300049
ACpiwOeJFuJC,0,0.5
AFeHy1lh4DfL,1,0.7310585786300049
ARe5XHeeS9AG,0,0.5
ATObhMwuXLIh,0,0.5
AWjsfXr7mM1a,0,0.5
AWr9h4BvkbY2,1,0.7310585786300049
AX5mEpGpmZ8F,1,0.7310585786300049
Ab2UYwV1Xl8W,0,0.5
AdlyngsfATlt,1,0.7310585786300049
AeWzIDpi2fmG,0,0.5
Aeq7jjPw8Ri5,0,0.5
AfC7kctw3hB7,1,0.7310585786300049
An6hN72GCDBX,0,0.5
Anm7x0O1vKe8,0,0.5
AsCDEcMxKsx2,1,0.7310585786300049
Atx7oub96GXS,0,0.5
Ay6IkRCqBvs6,1,0.7310585786300049
B5sbpHa06IST,0,0.5
B96nlXiAgJGW,0,0.5
BDR2gdM1G8pC,1,0.7310585786300049
BFgVj9r4WODJ,1,0.7310585786300049
BGVTNNMy6ius,0,0.5
BNImFZWqOnAe,1,0.7310585786300049
BQP0hsFBBc6N,1,0.7310585786300049
BRchjdZrCOlP,0,0.5
BYCeDfNZH2pG,0,0.5
BasRmOM2456L,0,0.5
Bbf787OyV4nq,0,0.5
BcN00QkRO7Vd,1,0.7310585786300049
BdvtV9b0bYwu,1,0.7310585786300049
BedTsB2QXT3h,0,0.5
BhRho0B9BQJI,1,0.7310585786300049
Bm6FfgcqV5IC,0,0.5
BmA81MsdxigP,1,0.7310585786300049
Br5iq9t87U69,1,0.7310585786300049
BvmqxcdVaFnh,1,0.7310585786300049
BwQa6UhJjI4o,0,0.5
Bwqx2B1e4fxL,0,0.5
BxoE8h2aof9z,0,0.5
C2Q4cJSSDOdw,1,0.7310585786300049
C51byntNuac1,1,0.7310585786300049
C6A7Lvjm0KLW,1,0.7310585786300049
C7dIeIJzut27,0,0.5
C9Exg394eQwy,1,0.7310585786300049
CF65vwEc13FR,0,0.5
CGjmkWngAOlM,0,0.5
CJzIUMTCUfak,1,0.7310585786300049
CKkgPNyqu2OK,1,0.7310585786300049
CPVkyhkuZNFE,0,0.5
CPaeQkhcjg7d,1,0.7310585786300049
CSLqwJLrqClr,0,0.5
CX02EIWuS9RZ,1,0.7310585786300049
CZqxkD8oaBia,0,0.5
CeC6xWaed2NH,0,0.5
Cfpbzqi3NA9K,1,0.7310585786300049
CgU9hobPWpRo,1,0.7310585786300049
CkpuWtOhgCHN,1,0.7310585786300049
ClA1qMkHwypR,1,0.7310585786300049
ClMA0FwvFgLY,1,0.7310585786300049
ClepIPT0jAAa,1,0.7310585786300049
CqralNKsTb4x,0,0.5
CtJzGTu0T8sv,0,0.5
D12SA8r8gzq6,1,0.7310585786300049
D2Bs3bit5pwa,1,0.7310585786300049
D3JcJiXCwQK2,0,0.5
DBiXOWDsqwm2,0,0.5
DCAeqLbQa173,0,0.5
DCtHBkyY8iD1,1,0.7310585786300049
DFWifq215gTy,1,0.7310585786300049
DIMnHDOVBt6b,1,0.7310585786300049
DImiLHwbsVjF,1,0.7310585786300049
DKubfxMoHdIS,0,0.5
DPxsspmkUSom,0,0.5
DVExKsG2Txil,0,0.5
DaFvCGgjjGzA,0,0.5
Denj0WCTUApS,0,0.5
Dg89spvEvIPB,1,0.7310585786300049
DgRP31gu21O9,0,0.5
DkKXGmj4YH4k,0,0.5
DmicAz5iDcPl,1,0.7310585786300049
DxCjCAumW9qC,1,0.7310585786300049
DxPtPFaUy7YL,1,0.7310585786300049
E1ljhzkcXk2z,1,0.7310585786300049
E68fCkd8BBxs,1,0.7310585786300049
E9b6qK3FqmZQ,0,0.5
EAd1CQJZGqFN,0,0.5
EDNJ4BXo8jx9,0,0.5
EDeY25wIivwn,0,0.5
EI13GitlU4gX,0,0.5
EN7uC2I557um,0,0.5
EQtPla3Usndh,1,0.7310585786300049
ESdFP1sKPZoC,0,0.5
EVPtiEgRI8RG,1,0.7310585786300049
EWuJGDEXQ7jL,1,0.7310585786300049
EYpH03SiJOMp,0,0.5
EZ7QQHMqwtHr,0,0.5
EdzEdUqL1fkc,0,0.5
EjfuXh9zsZoR,0,0.5
Ek5YIvpdKmsu,1,0.7310585786300049
ElcXxfHSkpUU,0,0.5
EnygAuFCuNQl,0,0.5
EoJhiA1kMQOf,1,0.7310585786300049
Eqc7qZj8etDH,1,0.7310585786300049
EvDQKMG9UlAN,1,0.7310585786300049
EwYEQKW50R5F,1,0.7310585786300049
ExV0vwCIzAWp,1,0.7310585786300049
F4m9QhaMihvb,1,0.7310585786300049
FAUivLlHvlEt,0,0.5
FCRyMz9O6yCq,1,0.7310585786300049
FE4sAqKUPfr9,0,0.5
FIDen5rdMc0v,1,0.7310585786300049
FMuOOmGuYXdd,1,0.7310585786300049
FdaKVY0DEW2k,0,0.5
FefK3gnMEtgT,1,0.7310585786300049
FfKC3vL95uYq,0,0.5
Fiw9NzfhWBQT,1,0.7310585786300049
FmtsnhELYrhv,0,0.5
FrC4l1EkPHTH,0,0.5
FrjCLpmemRKk,0,0.5
Ft6tvN8XebzN,1,0.7310585786300049
FudKx3F8glFq,0,0.5
G0AEGe59Tg3w,0,0.5
G0ZY8tRpMWJa,1,0.7310585786300049
G8pUq05iQECW,0,0.5
GAOpTeUSloVu,0,0.5
GAXOWcKhhh7a,1,0.7310585786300049
GC53kXEIH6OC,1,0.7310585786300049
GFjsa5acU0ep,0,0.5
GHTyw4C3DwZr,1,0.7310585786300049
GIDWlolcqxK7,1,0.7310585786300049
GKZMaO7bAASr,1,0.7310585786300049
GLEyZCX0pI0S,0,0.5
GLF6Ba9XaXqK,0,0.5
GNUNEuXljvHF,1,0.7310585786300049
GPDgonF9EB5D,1,0.7310585786300049
GWjdVvhFqzYm,1,0.7310585786300049
GbqZy3FlL9CL,0,0.5
Gcp4ECsxDvK1,1,0.7310585786300049
Gizic6JE7eH7,0,0.5
Gka80cgncOhF,1,0.7310585786300049
Glcfu8Z9lNmh,0,0.5
GqfgackwiWwf,0,0.5
Gs8LHlf5vYNy,0,0.5
GwFEwxVepGR6,1,0.7310585786300049
GwtP9d2rbzgz,1,0.7310585786300049
GyZif7sThzwn,0,0.5
H3ToH743CSaM,1,0.7310585786300049
H3bW91XbuIoq,1,0.7310585786300049
H3lki6M5C97v,0,0.5
H5s7lABB6cPG,1,0.7310585786300049
H6Z8OShJykuJ,1,0.7310585786300049
H9EU0xUEI4QX,1,0.7310585786300049
HAHYSPs753Cc,0,0.5
HCoutm3vtxtD,0,0.5
HD1AwaIizm9N,0,0.5
HG0Pu8QHXKut,0,0.5
HHnb2caHyB0s,1,0.7310585786300049
HLLYUzohwNsO,1,0.7310585786300049
HNjDLTaifDI2,1,0.7310585786300049
HSZN6xZKzhp9,1,0.7310585786300049
HaVok1HbMNxr,1,0.7310585786300049
Hn7obzzz4omm,0,0.5
HoDD0YAKpaaO,0,0.5
HoVdS7f0bCJz,0,0.5
HpPWaAINm6e5,1,0.7310585786300049
Ht6J7gBxOFub,0,0.5
HvT4CWd4zhqA,1,0.7310585786300049
HzYDBtN7eVGO,0,0.5
I4pZTFSHo8PQ,1,0.7310585786300049
I6ZzdRHILPBV,1,0.7310585786300049
I8896fWyLhtN,0,0.5
I8H3GTjieiSH,1,0.7310585786300049
I9Q7PrfFcBuq,1,0.7310585786300049
I9RwLHw98LZN,1,0.7310585786300049
ID8ONkDL6dJr,0,0.5
IIJVUM0djcAV,0,0.5
IIcWYuGaGgcP,1,0.7310585786300049
ILfPrA125RFQ,1,0.7310585786300049
IMJWcBNrTUbI,1,0.7310585786300049
IO5MLTKJ60tG,1,0.7310585786300049
IOoCvOU0M5iI,0,0.5
IOyogKt2l9tH,1,0.7310585786300049
IPdg9IAuEo8f,1,0.7310585786300049
IQamf4XLmnKD,0,0.5
ISbDHgaX9r1l,1,0.7310585786300049
ISbyfc0BZpg6,0,0.5
ITtCGeKprJ2j,1,0.7310585786300049
IVBGlPAg0Qkn,1,0.7310585786300049
IYf7EbMgAbqN,0,0.5
Ie5bnvwhxWoo,1,0.7310585786300049
IeJA1oj5MsIA,1,0.7310585786300049
If1BN9YuiH1U,1,0.7310585786300049
IgKphyARLlkg,1,0.7310585786300049
Inx9vmpppaHj,0,0.5
J5Dl8Wb4ZIsr,0,0.5
JFBtZWhMP4zS,1,0.7310585786300049
JInOHdXltu9H,0,0.5
JJ91fVAJJ47g,0,0.5
JT0RstNK7krH,1,0.7310585786300049
JYM7XfjW9F1U,0,0.5
JacT79warKyx,1,0.7310585786300049
Jc0aoGFdm85x,1,0.7310585786300049
JcPKrPUG1gLe,0,0.5
Jf2u0UWFo6pK,1,0.7310585786300049
JgObbBX10G8Y,1,0.7310585786300049
Jh14rFpVd8Km,1,0.7310585786300049
JiNTUeM7ROMe,1,0.7310585786300049
JmY9NQPr8PNH,1,0.7310585786300049
JuIXwG6kxv9o,1,0.7310585786300049
Jy9QEytz3CXK,0,0.5
Jz96BoYNDD51,0,0.5
KAVlAh61VAxE,0,0.5
KAwaybMoV6Pv,1,0.7310585786300049
KBGDu4oGa56e,0,0.5
KBqBcjL5anOT,1,0.7310585786300049
KEqbR8zp5caZ,0,0.5
KMvO1PRzBE6A,1,0.7310585786300049
KewFB4GN3Fcy,0,0.5
KomJH1xW6wsy,1,0.7310585786300049
Kq6tM8sj7Ohi,1,0.7310585786300049
KtAuL0t0s9c8,0,0.5
L1dIq4QGB4I3,1,0.7310585786300049
L8Rhj24LJV8V,1,0.7310585786300049
LAiWnIfebHYX,1,0.7310585786300049
LG2oEmHA3FBP,1,0.7310585786300049
LJh0wujaSfaw,0,0.5
LPWm6w5QXeev,1,0.7310585786300049
LQODuCeROCG6,0,0.5
LTVWSXZ70q04,1,0.7310585786300049
Ld1gYj8iR6al,0,0.5
Le9WasrRR8dt,0,0.5
LkE795nTZE14,0,0.5
Lm4DDgZ2mtmR,1,0.7310585786300049
LsFqznH3GIvS,1,0.7310585786300049
Lt5nOZq8OF57,1,0.7310585786300049
LuwNhqmGwDcD,0,0.5
LvBx83Lgb3km,1,0.7310585786300049
LviK6VKsIqzX,1,0.7310585786300049
LzoOSXImj5i4,1,0.7310585786300049
M09PXs7arQ5E,1,0.7310585786300049
M0DrE9K0IoGF,0,0.5
M0dvhILnOo2g,1,0.7310585786300049
M3UnjAiVUSCk,1,0.7310585786300049
M4OIoGs60bKl,1,0.7310585786300049
M6malGe8P7Ic,1,0.7310585786300049
M77qiA0e7JEm,0,0.5
M8CwaS4IokXd,0,0.5
MDIjJvOlkSaP,0,0.5
MFdz6VZpjSN4,1,0.7310585786300049
MHETbsRYWQ7y,1,0.7310585786300049
MLqnbvx2NtDg,0,0.5
MMH1uM7wltAr,0,0.5
MRpXtasNoPSL,1,0.7310585786300049
MRuzsnsEh4Uf,0,0.5
MYRp9gQ0V5fR,1,0.7310585786300049
MiCB6SQX7seF,1,0.7310585786300049
MjDDDK7ic4xT,1,0.7310585786300049
MjZvZtZZPjcG,1,0.7310585786300049
MkC90gNpKWfP,0,0.5
Mlj93oSD2LCH,0,0.5
Mt3Yj75IxPWc,0,0.5
MucQLOXaTMfH,1,0.7310585786300049
MxqTzfJmA8vy,1,0.7310585786300049
Myb66uvCLqh1,0,0.5
N5QSFGn76PjS,1,0.7310585786300049
N72fbPUgTKvq,1,0.7310585786300049
N9WXo2Q6jzKk,1,0.7310585786300049
N9mYbw4Uusjb,0,0.5
NHpNjWCsdA90,1,0.7310585786300049
NQptACNJMl68,0,0.5
NTB5PJGvNtFe,1,0.7310585786300049
NVUkahaJ6fhf,1,0.7310585786300049
NVjrv6HhAMos,1,0.7310585786300049
NZzbu4Buecl5,0,0.5
Nb4EetVPm3gs,1,0.7310585786300049
NbtyNJyWfZPm,1,0.7310585786300049
NfTlV84GXPB2,1,0.7310585786300049
NjKqJHnnVnsl,0,0.5
NlZCRylKGwNp,0,0.5
NnML6Veyxg3r,1,0.7310585786300049
NoUgsDDz4wlk,1,0.7310585786300049
O7qRakCyiUlW,1,0.7310585786300049
OFxvN8lnw21w,0,0.5
OGitd7RL4GlH,0,0.5
ORMQN4hpMn26,1,0.7310585786300049
OWley79JNkVC,0,0.5
OWtzJlrVRqtG,0,0.5
OZcOpOLZmHAj,1,0.7310585786300049
ObxEDsuvExoq,1,0.7310585786300049
Ocr1E5l1mt7R,1,0.7310585786300049
OeH9RFBOOktQ,1,0.7310585786300049
OfG313VrkSUC,1,0.7310585786300049
OqTzy0OM3EpT,0,0.5
OsoeRClzHqCM,0,0.5
OtkIG0IDuLzE,0,0.5
OxKrynzi5oHN,0,0.5
OxxbywhAJabE,0,0.5
OzpMhYaMdVPE,0,0.5
P3Dwo2E4LTnD,1,0.7310585786300049
P4GGkF61R75B,1,0.7310585786300049
P4t4PjMzF9Vn,1,0.7310585786300049
P50xExP8kMqU,1,0.7310585786300049
P5e504u4H6mf,0,0.5
PBycW4nDpJRQ,1,0.7310585786300049
PFQTomzEXBwj,0,0.5
PFaSlxNUiizS,0,0.5
PLSPsExmUXmN,0,0.5
PLwm8K27P022,0,0.5
PR6OaPxnW3oN,0,0.5
PUFK4VeXl8ky,0,0.5
PYJnp3jAWocF,1,0.7310585786300049
PYVkHrwtSZOC,1,0.7310585786300049
PYWvAQ6NAbeU,1,0.7310585786300049
Pi59C4uUGauF,0,0.5
PqGOUhZV8CA5,1,0.7310585786300049
Procsr1fVSz4,1,0.7310585786300049
PtxdLLjvEhIS,1,0.7310585786300049
Pvmui4jYhR80,0,0.5
PybQaVbQxMWK,1,0.7310585786300049
Q1OFFbZlNHzg,1,0.7310585786300049
Q33FOJczUgb9,1,0.7310585786300049
QCK0SV3JVoXC,0,0.5
QEjBOMhdpeRh,0,0.5
QFYI2eLpaAnR,1,0.7310585786300049
QHAmOrfCvCFQ,1,0.7310585786300049
QHRfdl77a3Ov,1,0.7310585786300049
QRg0pMeAF7nV,0,0.5
QZMiqNgesq93,1,0.7310585786300049
QdPtAD8qUfIh,0,0.5
QkBScne3uQsn,0,0.5
QlUIplYsun4B,1,0.7310585786300049
QnLlMzus4oy3,1,0.7310585786300049
Qrx0092ceTPS,1,0.7310585786300049
Qv0eTw5C1ZJA,0,0.5
QwGGBD5vYjcA,0,0.5
QwmjNJAiuDOB,0,0.5
R3zeyk55n4Y8,0,0.5
R6QlZMfb71bW,1,0.7310585786300049
R9TlG0rL5ZN5,1,0.7310585786300049
RB8JKs5CEhg7,0,0.5
REiHkgvXs2Sw,0,0.5
ROkNSfk36vfP,1,0.7310585786300049
RWLTAz0qt46H,1,0.7310585786300049
RXwIqwbnqBbz,1,0.7310585786300049
RiBgBhBVxsvZ,1,0.7310585786300049
RxdZ2umAbGqY,1,0.7310585786300049
Ryo0mDxPinok,1,0.7310585786300049
S04GCmOE52Zv,1,0.7310585786300049
S42bdye8NcIE,1,0.7310585786300049
S6wKqEKnFGC4,0,0.5
S8AIsbVWq37C,1,0.7310585786300049
S8a4pIeq9Ay6,0,0.5
SBzuN0PZrzRF,0,0.5
SCN7QbWv4MpL,0,0.5
SEEggdXjZ77M,0,0.5
SHnkoky6RrjQ,1,0.7310585786300049
SMmWtby1jwjx,0,0.5
SOuAkQ03eqfL,0,0.5
SPOst5zR0tys,1,0.7310585786300049
SQm76fJSbnOJ,1,0.7310585786300049
SZxlsOgwVT6D,1,0.7310585786300049
SaDp4CnYCHqb,0,0.5
SbVaILnj5mVm,1,0.7310585786300049
Sc09auSVBLCV,1,0.7310585786300049
Sd6ijquC0kc3,1,0.7310585786300049
Se7GYa2UMERT,0,0.5
SebKG45IfnXX,1,0.7310585786300049
SpJz51dqcBhJ,0,0.5
Svgloe9AW5R9,1,0.7310585786300049
SweDuRdAZR1M,1,0.7310585786300049
SxtMHuDkZROR,0,0.5
T2V5LjNBrdqZ,1,0.7310585786300049
T4CaImRntWnB,1,0.7310585786300049
TExdbXbj29qJ,1,0.7310585786300049
TM7TELfH551a,1,0.7310585786300049
TNLNtid3D8ml,1,0.7310585786300049
TO0nLT76Skhw,0,0.5
TXnqBp3MUtg6,0,0.5
ThtrMtlxFQDp,0,0.5
TrEgbui906hP,1,0.7310585786300049
Tt4tiK95izqk,0,0.5
TwBdTna2IPld,0,0.5
TwRUuM7ZQmhb,1,0.7310585786300049
Ty8Se5nVRKOY,0,0.5
U3FzDZTOsMlD,1,0.7310585786300049
U5buR7kc0QwS,1,0.7310585786300049
U6c8ss6fM0WE,0,0.5
U9Fo8J6oTPUz,0,0.5
U9TIZMXY6Zc2,1,0.7310585786300049
UA6B07aYwk0M,0,0.5
UAH1tSOSH1fv,0,0.5
ULnCa71fRTKT,0,0.5
ULwVuksArq96,0,0.5
UOUoxwhkmRSE,1,0.7310585786300049
UOp7nqv0n9PH,1,0.7310585786300049
UOprRYwJvOqc,1,0.7310585786300049
UVwstnvYU3bM,0,0.5
Ucpxcdvhzdtg,1,0.7310585786300049
UgVdu7yCx191,1,0.7310585786300049
Uhuz4GviFPlK,1,0.7310585786300049
UmN79UUheNpw,1,0.7310585786300049
UmrK0vMLopoR,1,0.7310585786300049
UpjY3jG5wzaa,1,0.7310585786300049
UrxHh0LFn3fb,1,0.7310585786300049
Uv58sWnW53aL,1,0.7310585786300049
UvIfVZWHRSd1,1,0.7310585786300049
UwwlGGFCjkvP,0,0.5
UxzkcTTukkSI,1,0.7310585786300049
V1hvQd1IDHrG,1,0.7310585786300049
V3FbnDAyRsno,1,0.7310585786300049
VDu0H10c0r3f,1,0.7310585786300049
VLKW4PIOD7Ah,1,0.7310585786300049
VSSX48UFaF3P,1,0.7310585786300049
VXfB56h9aY0B,0,0.5
VZnIq2hRErI5,1,0.7310585786300049
VaBKvoEA40rs,1,0.7310585786300049
VbdwZlLqQLYn,0,0.5
VkZ9015tGthH,0,0.5
Vozw3MnXlPyz,1,0.7310585786300049
VtAEhu8mflgZ,1,0.7310585786300049
Vv7IKSukMkhl,1,0.7310585786300049
Vy8IxoXFkgPd,0,0.5
W1uPC9UrBXvR,0,0.5
W348GZELW1P8,1,0.7310585786300049
W4f8IMz6KkEz,1,0.7310585786300049
W638LVGuZzTT,0,0.5
W6ekUUizxmFi,0,0.5
WC8OOFPLYlYT,1,0.7310585786300049
WCnwYPozbjPO,0,0.5
WEnkO4VdipnB,0,0.5
WFjmt3uYqXiL,0,0.5
WHWymJu6zNZi,1,0.7310585786300049
WJ2FxvDPLG1y,0,0.5
WK20sSlccEMn,1,0.7310585786300049
WM38zUiu85nD,0,0.5
WO3VoetRLF75,1,0.7310585786300049
WURpNxKDGoo2,1,0.7310585786300049
Wd82KohzG2Lf,1,0.7310585786300049
We2AYo6q1cUt,1,0.7310585786300049
WeyylbSGvqhS,1,0.7310585786300049
Wg8uWfarMR8q,1,0.7310585786300049
Wj38XO8FhE8w,1,0.7310585786300049
WmN8AsBIyqL1,0,0.5
WvaZeKemduKY,0,0.5
X0VlsDZSaLRi,0,0.5
X5zXVOqKvSjp,1,0.7310585786300049
X6mFs3EnxuJt,0,0.5
X7Dq6Oa96HfM,1,0.7310585786300049
X8oQg4HPprQu,1,0.7310585786300049
XBAesR0BxzjQ,1,0.7310585786300049
XC6aisOM0WzL,1,0.7310585786300049
XGfx89iE8YzK,0,0.5
XKNSC1a18kpX,1,0.7310585786300049
XQQL8kWu0oTp,1,0.7310585786300049
XRaU73MhZsca,0,0.5
XTvG5IE4GGZl,0,0.5
XZmtJZanelS4,0,0.5
Xb1RoSAN21fv,1,0.7310585786300049
XbzZbKXTdhPd,0,0.5
Xfh8pQ5dPN9E,0,0.5
XhBHRzIcHLLX,0,0.5
Xjon1Ep7TDF6,1,0.7310585786300049
Xm2Qxhvontf1,1,0.7310585786300049
Xmew0RxDch8z,0,0.5
Y3HyrbvvgGuA,0,0.5
Y79wRRIuOvia,0,0.5
YBMlbrCzrn5p,1,0.7310585786300049
YD2KXdZAFjDn,0,0.5
YFN4DuRV1yJz,1,0.7310585786300049
YIkGJqJlqiYR,0,0.5
YQtcxsTSLWVO,1,0.7310585786300049
YQv9L3FALP17,1,0.7310585786300049
YT5ISQTwjGj4,1,0.7310585786300049
YTfJrg9L8FJo,1,0.7310585786300049
YXyWAJJU4xu1,0,0.5
Ybqkn2vL7OHv,1,0.7310585786300049
Yl3Bo92wCsi5,0,0.5
YmeN5YwgkTt7,0,0.5
Z1SInb6bBHsu,1,0.7310585786300049
Z1iZrFmpG9RP,0,0.5
Z5P00aZR2OCu,0,0.5
Z5T4f6OHLTaQ,1,0.7310585786300049
Z6vDxSGxnCtl,0,0.5
ZJWMGY93fLcC,1,0.7310585786300049
ZKkihHnBXJxc,1,0.7310585786300049
ZOd6P7m4InUQ,1,0.7310585786300049
ZOhJ2jMPGka2,1,0.7310585786300049
ZPcIruqMJouU,0,0.5
ZR9wQFUviEBu,0,0.5
ZT1SHZIQOjfl,1,0.7310585786300049
ZT7TWIC4mM6M,1,0.7310585786300049
ZaI5IHj64Nd5,0,0.5
ZbiiXIOXcp1g,0,0.5
Zd5g1KvAefz5,0,0.5
Zdjq9EO8yZoh,1,0.7310585786300049
ZgFPhkc6EsMx,0,0.5
ZkakOF8J1wn7,0,0.5
ZoOogZR0mVHJ,1,0.7310585786300049
ZrEocbbTa2lB,0,0.5
ZrR6qlydACvG,1,0.7310585786300049
ZuCLNLMndKHD,1,0.7310585786300049
ZugkgQoYcfZP,0,0.5
Zusa1n9tQ3Yb,0,0.5
Zy9GTHDxUbXU,1,0.7310585786300049
Zye7yYRQohXi,1,0.7310585786300049
a4eBT0EDLetv,0,0.5
a5JFxSZjVg5i,1,0.7310585786300049
a5wkAFhZimab,1,0.7310585786300049
a7qT3UHHKevQ,0,0.5
a8puDozNuOdh,1,0.7310585786300049
aIT44s8hVX8o,1,0.7310585786300049
aKO1WVFEtE4e,1,0.7310585786300049
aNzZlNhukTZA,1,0.7310585786300049
aPy2Ao8tQHnu,1,0.7310585786300049
aQWS3jYQQNde,0,0.5
aTIBqHbKzsSi,0,0.5
aUlfLwhZqquP,1,0.7310585786300049
aVO8fDJ6tlLK,1,0.7310585786300049
aXBF66o0Gs7A,0,0.5
abB4wt0agnXC,1,0.7310585786300049
aljzaYpR4j1l,0,0.5
apXT1ZuI5FLx,1,0.7310585786300049
arUN4AQenrAr,0,0.5
ata4sWbKgfXi,1,0.7310585786300049
auVpv0cuxKVi,1,0.7310585786300049
azniCdMf2ITE,0,0.5
b3S6Sj7ZQfLw,0,0.5
b3bu8IP0hrly,1,0.7310585786300049
b4FWrJpQA330,0,0.5
bFzs5FP3fDIv,1,0.7310585786300049
bIr3I7I14dAs,1,0.7310585786300049
bKUM9WGhwXxd,1,0.7310585786300049
bN7ZlL3Grs1B,0,0.5
bQFnIOGjbJ0X,1,0.7310585786300049
bQzsUpzDgVkN,0,0.5
bSl2ivJMiu8J,0,0.5
bVElo69PNbqc,1,0.7310585786300049
beQLz9bF2a4R,0,0.5
bg3ft37FRcub,1,0.7310585786300049
bkTAb6Mpe2xp,1,0.7310585786300049
boKzkk2kAdFo,0,0.5
bq0EEKU9SiL7,0,0.5
brC47HA73vFe,1,0.7310585786300049
brRPgQnztSZ8,0,0.5
bsBX0r7ecmTP,1,0.7310585786300049
btmIBcR8Sidb,1,0.7310585786300049
c5XYkSp5Nipw,1,0.7310585786300049
c8d1k8cUCYB2,1,0.7310585786300049
c8ud4wzhSNUe,0,0.5
cDrJrnjqBzKT,1,0.7310585786300049
cDv8BkaIo1Fc,0,0.5
cI2963FmxJti,1,0.7310585786300049
cIjfMTymsK2V,1,0.7310585786300049
cJIMvIHomZpr,0,0.5
cLXc8PJRyXo0,0,0.5
cNcESmsqNpqp,0,0.5
cTKyBoXeySYx,0,0.5
cY967zSEGfxf,1,0.7310585786300049
cYRQEhrfDAtH,1,0.7310585786300049
cbeRO2ANubFr,1,0.7310585786300049
cjyO5e5JqALr,1,0.7310585786300049
cm4bZYqnAfUy,0,0.5
cr1fWWRfksXe,0,0.5
csN9UI8WN5C5,0,0.5
ctuEy19ZkfPy,0,0.5
cy9x5OG6YJxh,1,0.7310585786300049
d3VfkRYzJJXX,1,0.7310585786300049
d8nvWPxE0sqc,0,0.5
dEdF55cc6GvU,0,0.5
dHbcyEIaeMp8,1,0.7310585786300049
dI23GWHeIH06,0,0.5
dJzOXks0OOdr,0,0.5
dUPJ6W25gKWI,0,0.5
dV3APoDHAwWf,1,0.7310585786300049
daWpYb1V7j1i,0,0.5
divJ7YLrsiwy,1,0.7310585786300049
dkdzVYGa3Iu8,1,0.7310585786300049
dlBCMx6EvFDZ,1,0.7310585786300049
dlsMC4TXL4e8,1,0.7310585786300049
dmAXFwtZoHU8,1,0.7310585786300049
e4xS09YgQKtC,0,0.5
e9KNj4GQUZXN,0,0.5
eBizhFjDLd4i,1,0.7310585786300049
eC2397lXg3Bm,0,0.5
eFFKrnGuAp4q,1,0.7310585786300049
eJy3iG1CEzvQ,0,0.5
ePfFpufOYJFy,0,0.5
eSWpfA9cDBVR,0,0.5
eWANnB1ow1tH,0,0.5
eXCwT8Afn6T0,0,0.5
ebV3gWbvtSnx,0,0.5
ecgrmDTFj9NQ,1,0.7310585786300049
eeMmAOvpnuTD,0,0.5
emH1j2pf9MZk,1,0.7310585786300049
eo8985CwtN2u,1,0.7310585786300049
epGIlkmYMthb,0,0.5
eqnZu8VLBFYF,0,0.5
ersN9vo3gFUu,0,0.5
evsCyrJNVy8i,0,0.5
f4ncAbyBNvz3,1,0.7310585786300049
f95HtRbJncJa,0,0.5
fBIo9HZkduhD,0,0.5
fGTvn4BGUGek,0,0.5
fHYpxTrLLJp0,1,0.7310585786300049
fI8YJXqTB0P7,1,0.7310585786300049
fKQY0gay4y9E,0,0.5
fKX4boaOjWkc,1,0.7310585786300049
fNbnjJCB7hGb,1,0.7310585786300049
fRHYMh3Q8jk6,1,0.7310585786300049
fRUKTnfZt3j1,1,0.7310585786300049
fUOCPX8TLDGS,0,0.5
fUY6tvhJc4TS,1,0.7310585786300049
fVpojT68HwX9,1,0.7310585786300049
fWGP8ELlaI2m,1,0.7310585786300049
fWOgfZJtPJca,0,0.5
fXzkHvWULRrq,1,0.7310585786300049
fadrxHhFSS0k,1,0.7310585786300049
fcdnxcFP1pc8,1,0.7310585786300049
fd7M6HwCJZ4P,1,0.7310585786300049
ff7bZxUjf3fh,1,0.7310585786300049
ffoXNugXGty5,1,0.7310585786300049
fjZaLBgjb3rq,1,0.7310585786300049
fkI6TPDqVuoE,1,0.7310585786300049
fkYfjyqWDp63,1,0.7310585786300049
fnHk3nQbUmHD,1,0.7310585786300049
frOeeWOoEcb1,1,0.7310585786300049
fuApQJV2wS24,0,0.5
fxUaUlsegWbI,0,0.5
fxW28SwnU34E,0,0.5
gAHQk8TmXxcR,1,0.7310585786300049
gBFdKiRllu4B,1,0.7310585786300049
gDkE0AETCmEY,0,0.5
gLzX3io8oYaq,0,0.5
gSuOfIde6Wrs,0,0.5
gUuMZbqPj2gt,1,0.7310585786300049
gZGs9hnN6jiL,1,0.7310585786300049
glkmphTnHpNB,1,0.7310585786300049
groSbUfkQngM,1,0.7310585786300049
gvqfi0e4gNyF,1,0.7310585786300049
gxcTipfnO3Rr,1,0.7310585786300049
h0Al0KbBEsyh,0,0.5
h2DBbFR98l8b,0,0.5
h2d2M2HqV5Vb,0,0.5
h2wSdg7XIBUJ,1,0.7310585786300049
h7DWyB2ylSP3,0,0.5
h7q8vYVGfWB6,1,0.7310585786300049
h9QfIJv7vqVg,0,0.5
hBopRZ7cFvcc,0,0.5
hE6bj3TQa88Z,1,0.7310585786300049
hGeF7WVCqEcH,0,0.5
hH4mUCU0cju6,1,0.7310585786300049
hPoKioBXQM9D,1,0.7310585786300049
hQcZ3HzX3FCs,0,0.5
hTPrKzg834ev,0,0.5
hVkDCar33EsW,0,0.5
hX78DTmzeO2M,1,0.7310585786300049
hY5jmCSnqNaO,0,0.5
hcjICV8hUEmV,1,0.7310585786300049
heCzebEGmlyq,1,0.7310585786300049
hihM4uIf4soH,0,0.5
hr46r5VbonBz,0,0.5
huFWt58fnSJm,1,0.7310585786300049
hzTTvFU8eCBH,1,0.7310585786300049
i31HtgM0yo7O,0,0.5
i5v9HiIxRawv,1,0.7310585786300049
i6j2liWF1QQc,1,0.7310585786300049
iA5HCrgZtNWE,1,0.7310585786300049
iG6o0TuXgddL,1,0.7310585786300049
iGH68LvDFElJ,1,0.7310585786300049
iGp2IeJ3B5T4,1,0.7310585786300049
iPx1OmqKXOed,1,0.7310585786300049
iQaeiubYk8x0,0,0.5
iQefOw8O6fWc,0,0.5
iUjl7ihgmyZu,0,0.5
iV2kydM7mzQz,0,0.5
iV7jWtW1kMa6,1,0.7310585786300049
ihIwCwjJq6Re,0,0.5
ikMRX6uXk1Da,0,0.5
ilb3LFaWIQvr,1,0.7310585786300049
imBwjy0pRm2k,0,0.5
iozAMnTwj81T,0,0.5
ireliSNC1lbM,1,0.7310585786300049
iweVTGjfRBlN,0,0.5
ixb05xZu7fmJ,1,0.7310585786300049
j0VMi4FPMitJ,0,0.5
j2r7q7BxGKgk,0,0.5
j9aUX7E9sVAN,0,0.5
jA5iwa9nh8ed,0,0.5
jBiMW18XssHd,0,0.5
jEv0KvTTZ0Mj,1,0.7310585786300049
jHMcwVcDFn2T,0,0.5
jHzCOO471jtx,1,0.7310585786300049
jINKc4afJrWp,0,0.5
jJ56Z1L5Pi7K,0,0.5
jLJl8VlmJhHM,0,0.5
jMQoTjb92bqE,1,0.7310585786300049
jOPK1SqTkf2b,1,0.7310585786300049
jOoFd3knp0XL,1,0.7310585786300049
jTIjTNp3uook,0,0.5
jZZLVuyjMJzB,1,0.7310585786300049
je0xT6OY2cyp,0,0.5
jfXuZ5Pg44Ht,0,0.5
jnKz37Ha9QQs,1,0.7310585786300049
jsSpilEyKly6,0,0.5
jvMvb72PDkBw,0,0.5
jvwDF0z4eq5l,0,0.5
jxTwt1iuiC8i,1,0.7310585786300049
jyFBJOBz7u6g,0,0.5
jzMiGonWC3DB,1,0.7310585786300049
k5J9a0krAV46,0,0.5
k6o0MCq9s2Ym,0,0.5
k8HhHnnu2wmt,0,0.5
k8mNgwGYiEON,1,0.7310585786300049
k8oGsAq0kScN,0,0.5
k9xJubJOXvJF,0,0.5
kANPcETW0qrT,0,0.5
kCMLKPWB46df,0,0.5
kG6B3WGTWD1z,0,0.5
kTurROKp5YHQ,0,0.5
kajMeEVgs5pg,0,0.5
kawulA88OFSQ,0,0.5
kcO6ytsWhwvV,1,0.7310585786300049
kiYuDf6CDbH7,0,0.5
klhpmhQseAYw,1,0.7310585786300049
kozPOVwhdGdv,1,0.7310585786300049
kqKyhGy2uRZA,0,0.5
kwWHNmMUwaS9,0,0.5
kzWZYStln0fx,1,0.7310585786300049
l3XdefLvbC33,1,0.7310585786300049
l40DICX949Zw,1,0.7310585786300049
l6iSqFUUKBaQ,0,0.5
l6zmYt3wZdcK,0,0.5
l7N2yrTf9yDx,0,0.5
l9I0XGZ2CKGk,1,0.7310585786300049
l9qN2z7fmuNR,1,0.7310585786300049
lCPk4u9FG6Sj,1,0.7310585786300049
lH8hZWIn2OXP,1,0.7310585786300049
lILBLJvu97sB,1,0.7310585786300049
lJrTyS4zXJgW,0,0.5
lMcyIVCRhgVg,1,0.7310585786300049
lMz8QqS8nyMK,1,0.7310585786300049
lNSNZwyaL1EO,1,0.7310585786300049
lR3hGACfznyK,0,0.5
lRQxRtPpW5zH,1,0.7310585786300049
lTfQuVJV0TMy,1,0.7310585786300049
lVga3GCDHVjE,0,0.5
lX4UCme3V9aJ,0,0.5
la3RxK4N37em,0,0.5
lgIc57sAqLTP,1,0.7310585786300049
lhhHdeuPZRRI,1,0.7310585786300049
ljcsOeeRkbEy,0,0.5
ll9SaO79s548,0,0.5
lmhX1hK0LJs6,1,0.7310585786300049
lttjsyOpzDyQ,0,0.5
m38HPVaRXPdl,1,0.7310585786300049
m4lTzGns4f6M,1,0.7310585786300049
m7mfeSK1G4Jy,0,0.5
mFvQwJzhLXcO,1,0.7310585786300049
mI5SxElwsYDi,0,0.5
mMga5MSQWEgo,0,0.5
mMijJMsniCoH,0,0.5
mNm9dJQNjdQ4,0,0.5
mPbBS3Z7pfjb,1,0.7310585786300049
mQ31yTTXCkt7,1,0.7310585786300049
mQtqveqN0ZMS,0,0.5
mVesy7vkV4W3,0,0.5
mbkAjWg5R89T,1,0.7310585786300049
md5ArXZ4FHxO,0,0.5
mdLUnU7AnZ9m,1,0.7310585786300049
meHZg53yClJU,1,0.7310585786300049
mhXkNbc9fWX4,0,0.5
mlHYBZet01sJ,0,0.5
mmEMz4RGB7V3,0,0.5
mrKrXteRuqvf,0,0.5
mwPbo5RexxBg,1,0.7310585786300049
mynHzgXhOooe,0,0.5
n0pGiX03XMLj,0,0.5
n3z19MTbnwil,1,0.7310585786300049
n6Era6JKAiNx,0,0.5
nAnNjmdr7rS5,0,0.5
nAyrxMzbUYNa,1,0.7310585786300049
nHLXpeSMJx2E,1,0.7310585786300049
nIrdhUewIAtd,1,0.7310585786300049
nMptId0sxBIC,0,0.5
nNfmt7BNAZAs,0,0.5
nPOaFnetJKTr,1,0.7310585786300049
nQy8DxbLCksm,1,0.7310585786300049
nZwirR2N8NHb,1,0.7310585786300049
ndQQaFBftxU0,1,0.7310585786300049
ndpimkP7EBir,0,0.5
njmgj5OKBIPQ,0,0.5
nlCuXO5viyFJ,0,0.5
nqLrR0ExZDQ4,1,0.7310585786300049
ntYOvNxzRFGl,0,0.5
nvS8l2tvavgF,1,0.7310585786300049
o3iswUQg4ZTQ,0,0.5
o4DX1tFNd26s,1,0.7310585786300049
o6MXPHR32N94,0,0.5
oAMlEd8H2316,0,0.5
oBrtgjk4PaF0,0,0.5
oCDBRq25D6ZL,1,0.7310585786300049
oCjIknDVeyxP,0,0.5
oDNBn149nFCQ,0,0.5
oGsDbPJpDvqP,0,0.5
oHiEYS4GVx2Z,0,0.5
oJdKcEZNjYOe,0,0.5
oM6q8ZwYF4Hv,1,0.7310585786300049
oMVHj7yokPkW,1,0.7310585786300049
oQIEFet6cEff,0,0.5
oSeyfmbDkqCf,1,0.7310585786300049
oSlcxZbncT7a,1,0.7310585786300049
oW6SGdSfJYjI,1,0.7310585786300049
oWaG7IGhK8Xh,1,0.7310585786300049
oagxk3X4AsPx,0,0.5
obEacy4Of68I,0,0.5
obNscdNnwnpw,1,0.7310585786300049
obsXLYyDE9nq,1,0.7310585786300049
ojheiqTVpHEr,0,0.5
onOHpZA6bVVA,0,0.5
ornoLa4aPM1t,1,0.7310585786300049
oup0Auq1PhO9,0,0.5
ovPm55KjzzDS,0,0.5
ozh6v2FJ6R5o,1,0.7310585786300049
p09fwn1IZB6X,0,0.5
p4vPhVu91o4b,0,0.5
pFq0W0VuGWLw,1,0.7310585786300049
pL8W1rmGHthN,0,0.5
pP1f4EirOrpl,0,0.5
pY9Rqh2pcCB6,1,0.7310585786300049
piMqm35FzuKu,0,0.5
pmNnsbT4yP0s,1,0.7310585786300049
poHMFSF8wp2r,1,0.7310585786300049
poOPe7ceWIea,1,0.7310585786300049
psUujiWvKE2O,1,0.7310585786300049
pt9crzQunzLC,1,0.7310585786300049
puLkdUroSab1,0,0.5
puNhkxYxMekm,0,0.5
pv9F2sHMLd4Y,1,0.7310585786300049
q1zuXxzuPmdO,0,0.5
q6ib1iVtyNve,0,0.5
q85mG9FZMa7p,1,0.7310585786300049
qAJELai9eOdk,1,0.7310585786300049
qBYU3IkxK9h8,1,0.7310585786300049
qBxfkLudslmX,0,0.5
qCAQATAgTtR0,1,0.7310585786300049
qG9s8n7JBWGu,1,0.7310585786300049
qHaIxizePvDX,1,0.7310585786300049
qTRQ4uI5Vpab,0,0.5
qUyUiTjKel0p,0,0.5
qbE8PJ1yZYQB,1,0.7310585786300049
qdAt9ogX3KkI,0,0.5
qjwAj9id9ovj,0,0.5
qk2RutjZfkP8,0,0.5
qmLurjjRa8o3,1,0.7310585786300049
qqP6O7WrYxdc,0,0.5
r44YD9eIqJ9u,0,0.5
r5ys5YGsyU6d,1,0.7310585786300049
rA7DEU5wAjTc,0,0.5
rD1V05NeFHrM,1,0.7310585786300049
rH2IJOhXsCx9,1,0.7310585786300049
rOmWFuJCud5G,0,0.5
rQ3L1CHq9P9D,0,0.5
rQ6znv6A2bn5,1,0.7310585786300049
rZZ9tz71ay7A,1,0.7310585786300049
raYG3D1cFSj7,1,0.7310585786300049
raxgmKvDg1Rt,1,0.7310585786300049
reA4Q3xNnK85,0,0.5
rhueX3fdPUfL,1,0.7310585786300049
s1nkHhf1VcvM,1,0.7310585786300049
s55ZRHrJtnlL,1,0.7310585786300049
s7WzzDcmDOhF,1,0.7310585786300049
sHvoz4F73IO6,1,0.7310585786300049
sId1cQF5F22m,0,0.5
sNzJo7MJqR3K,0,0.5
sOACUY04LMvY,0,0.5
sP406TpFhhu9,1,0.7310585786300049
sTs0tqisuVC3,0,0.5
scVVjQyE5IiT,1,0.7310585786300049
shva6OQUxfmX,1,0.7310585786300049
sik1KnZxkYn2,1,0.7310585786300049
skpx8jms0gQy,1,0.7310585786300049
slISWLyzO7Os,1,0.7310585786300049
souZpvrxn6pq,1,0.7310585786300049
sp0Vctffnn8P,0,0.5
spC2k4sahI40,0,0.5
sqsw150rz7nL,1,0.7310585786300049
syeyZjEx8FUx,1,0.7310585786300049
syluiOV2RqxH,1,0.7310585786300049
t24GOe1fGzKr,1,0.7310585786300049
t96uT6mftKXH,1,0.7310585786300049
tA3Zd6tgcNwx,1,0.7310585786300049
tBGXkEdv2cp7,1,0.7310585786300049
tBNslVDWG7Jf,1,0.7310585786300049
tBP9frgzqhFI,0,0.5
tOUY71zilTWM,1,0.7310585786300049
tRvasFR812e8,0,0.5
tS6VlqANkGNM,1,0.7310585786300049
tWoGN6iuXPyT,0,0.5
tYLjXtSTzh7s,1,0.7310585786300049
tZMdLcJBKiSU,1,0.7310585786300049
teOipnrXHuIG,0,0.5
thOEqb7itFN4,1,0.7310585786300049
thOYOYaNuXNQ,1,0.7310585786300049
tn5x1GqOpgvp,1,0.7310585786300049
toSHk1Zninz2,1,0.7310585786300049
tsHvTgApwKUR,1,0.7310585786300049
tsjhuTffSpbU,0,0.5
tuHEwUBGYRCO,0,0.5
txOnEb8qKWFS,0,0.5
tyfnmnuPyEDX,0,0.5
u02QVAgL6DhF,1,0.7310585786300049
u0JiZgdGuYvh,1,0.7310585786300049
u1bZUHZ810aN,0,0.5
u2jLDrGh29L5,0,0.5
u4n9kvWFF3i1,0,0.5
uOSzwPvbGfJu,1,0.7310585786300049
uS13ICG0EmdG,1,0.7310585786300049
uWamyaUv5EsQ,1,0.7310585786300049
udC72GXgJelz,1,0.7310585786300049
uenSfhynf5ut,1,0.7310585786300049
ufM0bz2zOIXt,0,0.5
uiulH4YtwxBD,0,0.5
ulkctrRjT5vt,1,0.7310585786300049
um0Awu6Rmi05,0,0.5
umiR5MqviCsi,1,0.7310585786300049
ur91jWicPH7j,0,0.5
ut3X2AvOLIiS,0,0.5
uwkIDWtfPhLS,0,0.5
uyxMzfR04KWH,0,0.5
v0VdBXIGO3HA,1,0.7310585786300049
v4O6vulcxDmk,1,0.7310585786300049
v5YNYUpoXpmZ,1,0.7310585786300049
v5r8ZU3MYZ1Y,1,0.7310585786300049
v76YDCer9ZAb,1,0.7310585786300049
vBf24YQteuvD,0,0.5
vGtc2SmzvOYA,1,0.7310585786300049
vN560IbFAlC2,1,0.7310585786300049
vNEtvICj3e2i,1,0.7310585786300049
vQWppdAIV6VS,1,0.7310585786300049
vRp3pYC1P44F,1,0.7310585786300049
vTMOapJJfCXF,0,0.5
vUD6FNJEsW2p,0,0.5
veQG7fEs1JBS,1,0.7310585786300049
vf1akUdbv0FE,1,0.7310585786300049
vgFY5UXgkIcq,0,0.5
vm2P1hmAY1hl,0,0.5
vrhTp07N2M92,0,0.5
vt0fi05N0vdX,1,0.7310585786300049
vtBv6rK9TEsO,1,0.7310585786300049
vxbDd0snI6ti,1,0.7310585786300049
vyZu5oQer3ej,0,0.5
w93nlngSfQ5q,0,0.5
w9nGBHqJUPdL,1,0.7310585786300049
wAGaOJfMAX2q,0,0.5
wErKNIIKPeJC,1,0.7310585786300049
wHhpfK5aJYE6,1,0.7310585786300049
wOndj4V1fW9k,0,0.5
wOuHOTHiQHEA,0,0.5
wP2cLHEkJQEk,0,0.5
wRGO69GjV1v6,1,0.7310585786300049
wRhzhymsrg1O,0,0.5
wUVnLI226TJo,0,0.5
wWP6mpsmMFDF,0,0.5
wWZUoBUOOXhT,1,0.7310585786300049
waeaKz9kEkAX,1,0.7310585786300049
wh0H5BdyRy6o,1,0.7310585786300049
wk4H62lfM7qy,1,0.7310585786300049
wvHZuGFef9ay,1,0.7310585786300049
wy2DEtkB9o8I,0,0.5
wzcmeB68AWNU,1,0.7310585786300049
x0yuhCZiG4mU,0,0.5
x9uI5kIK6Ij4,0,0.5
xE4arLKqdWOR,1,0.7310585786300049
xK4n2kkwIyT7,0,0.5
xMqLxayHfgDp,1,0.7310585786300049
xP4UJF2685wR,0,0.5
xT4iKHZxwI2Z,1,0.7310585786300049
xVQ9g4GVYGTY,0,0.5
xjd49adoq3ES,1,0.7310585786300049
xqQ5NCiqE469,0,0.5
xqtDAPbGGjCG,1,0.7310585786300049
xt0nYnNFpDNj,1,0.7310585786300049
y5CzMKD8sEWs,0,0.5
y5p24H1Z8sVz,0,0.5
y6QbFITvfoL9,0,0.5
y8c0cR2KtwJv,1,0.7310585786300049
yAjgolNkbnYk,0,0.5
yBXIW5DPpBat,0,0.5
yCbYp0GFyynV,1,0.7310585786300049
yDPAXPOdl29m,0,0.5
yILUxoVHNpWq,1,0.7310585786300049
yPqk7RmP36lu,0,0.5
yRD0YJTg73vv,1,0.7310585786300049
yV7uDX9Vq8Nd,0,0.5
yVS8RYoOZciV,0,0.5
yYGFvUEKJ9SX,0,0.5
ybWcziUvUmMg,1,0.7310585786300049
ybesND0DD3to,0,0.5
yi9J1NNo3V6P,0,0.5
yjfhH6wiXanq,0,0.5
ymIvXfO1Q2g8,0,0.5
yvdbINTofRuz,0,0.5
yvfPVGxEgIPO,0,0.5
ywSEBTGMWLt4,0,0.5
yzbeVWRFj5ZO,1,0.7310585786300049
z1FVD7d0BGpV,0,0.5
z4XXmyBCXc2C,0,0.5
z7mwiuAPiqO2,1,0.7310585786300049
z9KujyEvjvqb,1,0.7310585786300049
zA8qdvBcIPEz,1,0.7310585786300049
zGijz1UFjAfz,1,0.7310585786300049
zHw6bfOIXdio,0,0.5
zHyPVux7ymz0,1,0.7310585786300049
zKBjkFIkdRI7,1,0.7310585786300049
zPPcBIPRVbIG,1,0.7310585786300049
zQHCPgcPgAbd,0,0.5
zSOTbT8r7FQ2,1,0.7310585786300049
zSfjCW1XVSqq,0,0.5
zW62ObiZfmKJ,0,0.5
zWzLCi3NTBTd,1,0.7310585786300049
zeR6IKf0gn1Z,1,0.7310585786300049
zlT4AqBGFiGv,1,0.7310585786300049
zmxGvIrOD0bt,0,0.5
zpU7rEseBMH8,1,0.7310585786300049
zpr8w4jCfVPe,1,0.7310585786300049
zwBG0rZ05Mcb,1,0.7310585786300049
zwXD5v17Rx01,1,0.7310585786300049
zwjJWCRzKhDz,0,0.5
